{
  "captcha_001.png": "610673",
  "captcha_002.png": "772874",
  "captcha_003.png": "278683",
  "captcha_004.png": "495564",
  "captcha_005.png": "765568",
  "captcha_006.png": "765452",
  "captcha_007.png": "749009",
  "captcha_008.png": "721102",
  "captcha_009.png": "828219",
  "captcha_010.png": "454415",
  "captcha_011.png": "203319",
  "captcha_012.png": "224845",
  "captcha_013.png": "395442",
  "captcha_014.png": "462926",
  "captcha_015.png": "139965",
  "captcha_016.png": "605758",
  "captcha_017.png": "434442",
  "captcha_018.png": "995437",
  "captcha_019.png": "767043",
  "captcha_020.png": "822411",
  "captcha_021.png": "191522",
  "captcha_022.png": "530220",
  "captcha_023.png": "028806",
  "captcha_024.png": "881476",
  "captcha_025.png": "918923",
  "captcha_026.png": "094981",
  "captcha_027.png": "726034",
  "captcha_028.png": "932418",
  "captcha_029.png": "640898",
  "captcha_030.png": "111120",
  "captcha_031.png": "990716",
  "captcha_032.png": "837114",
  "captcha_033.png": "490822",
  "captcha_034.png": "445155",
  "captcha_035.png": "283891",
  "captcha_036.png": "296664",
  "captcha_037.png": "688241",
  "captcha_038.png": "617034",
  "captcha_039.png": "235583",
  "captcha_040.png": "429812",
  "captcha_041.png": "907435",
  "captcha_042.png": "187654",
  "captcha_043.png": "418238",
  "captcha_044.png": "157311",
  "captcha_045.png": "710136",
  "captcha_046.png": "358919",
  "captcha_047.png": "829349",
  "captcha_048.png": "793754",
  "captcha_049.png": "694848",
  "captcha_050.png": "307988",
  "captcha_051.png": "625152",
  "captcha_052.png": "092703",
  "captcha_053.png": "116264",
  "captcha_054.png": "704609",
  "captcha_055.png": "827346",
  "captcha_056.png": "206494",
  "captcha_057.png": "573527",
  "captcha_058.png": "381969",
  "captcha_059.png": "159232",
  "captcha_060.png": "267089",
  "captcha_061.png": "793321",
  "captcha_062.png": "834450",
  "captcha_063.png": "128097",
  "captcha_064.png": "575512",
  "captcha_065.png": "011801",
  "captcha_066.png": "484821",
  "captcha_067.png": "001384",
  "captcha_068.png": "698392",
  "captcha_069.png": "009576",
  "captcha_070.png": "063673",
  "captcha_071.png": "984945",
  "captcha_072.png": "255299",
  "captcha_073.png": "520711",
  "captcha_074.png": "119033",
  "captcha_075.png": "469236",
  "captcha_076.png": "325295",
  "captcha_077.png": "772607",
  "captcha_078.png": "565748",
  "captcha_079.png": "266227",
  "captcha_080.png": "735378",
  "captcha_081.png": "170921",
  "captcha_082.png": "935900",
  "captcha_083.png": "735924",
  "captcha_084.png": "457764",
  "captcha_085.png": "573548",
  "captcha_086.png": "905794",
  "captcha_087.png": "604045",
  "captcha_088.png": "669190",
  "captcha_089.png": "091317",
  "captcha_090.png": "177897",
  "captcha_091.png": "450019",
  "captcha_092.png": "993900",
  "captcha_093.png": "363178",
  "captcha_094.png": "830714",
  "captcha_095.png": "269608",
  "captcha_096.png": "872135",
  "captcha_097.png": "641756",
  "captcha_098.png": "347238",
  "captcha_099.png": "627935",
  "captcha_100.png": "306441",
  "captcha_101.png": "315826",
  "captcha_102.png": "065477",
  "captcha_103.png": "044025",
  "captcha_104.png": "312288",
  "captcha_105.png": "596944",
  "captcha_106.png": "674952",
  "captcha_107.png": "907740",
  "captcha_108.png": "081277",
  "captcha_109.png": "579290",
  "captcha_110.png": "363530",
  "captcha_111.png": "424308",
  "captcha_112.png": "635145",
  "captcha_113.png": "631347",
  "captcha_114.png": "005260",
  "captcha_115.png": "763495",
  "captcha_116.png": "862542",
  "captcha_117.png": "888157",
  "captcha_118.png": "770737",
  "captcha_119.png": "486050",
  "captcha_120.png": "545830",
  "captcha_121.png": "962653",
  "captcha_122.png": "907053",
  "captcha_123.png": "032186",
  "captcha_124.png": "048941",
  "captcha_125.png": "186650",
  "captcha_126.png": "401042",
  "captcha_127.png": "825671",
  "captcha_128.png": "391568",
  "captcha_129.png": "205420",
  "captcha_130.png": "703789",
  "captcha_131.png": "770975",
  "captcha_132.png": "261618",
  "captcha_133.png": "379541",
  "captcha_134.png": "135850",
  "captcha_135.png": "148737",
  "captcha_136.png": "087513",
  "captcha_137.png": "270316",
  "captcha_138.png": "432324",
  "captcha_139.png": "452105",
  "captcha_140.png": "524469",
  "captcha_141.png": "936698",
  "captcha_142.png": "379079",
  "captcha_143.png": "515040",
  "captcha_144.png": "082294",
  "captcha_145.png": "264070",
  "captcha_146.png": "770502",
  "captcha_147.png": "482045",
  "captcha_148.png": "879700",
  "captcha_149.png": "722854",
  "captcha_150.png": "196035",
  "captcha_151.png": "454879",
  "captcha_152.png": "347923",
  "captcha_153.png": "693966",
  "captcha_154.png": "512935",
  "captcha_155.png": "253406",
  "captcha_156.png": "350964",
  "captcha_157.png": "463817",
  "captcha_158.png": "144737",
  "captcha_159.png": "813376",
  "captcha_160.png": "453312",
  "captcha_161.png": "559407",
  "captcha_162.png": "256832",
  "captcha_163.png": "899156",
  "captcha_164.png": "708635",
  "captcha_165.png": "643637",
  "captcha_166.png": "506082",
  "captcha_167.png": "429798",
  "captcha_168.png": "209822",
  "captcha_169.png": "692284",
  "captcha_170.png": "489525",
  "captcha_171.png": "155728",
  "captcha_172.png": "106856",
  "captcha_173.png": "234697",
  "captcha_174.png": "850149",
  "captcha_175.png": "779748",
  "captcha_176.png": "869750",
  "captcha_177.png": "352824",
  "captcha_178.png": "812925",
  "captcha_179.png": "688386",
  "captcha_180.png": "749031",
  "captcha_181.png": "533438",
  "captcha_182.png": "318036",
  "captcha_183.png": "824996",
  "captcha_184.png": "610678",
  "captcha_185.png": "836564",
  "captcha_186.png": "444474",
  "captcha_187.png": "490090",
  "captcha_188.png": "452310",
  "captcha_189.png": "180644",
  "captcha_190.png": "757194",
  "captcha_191.png": "153113",
  "captcha_192.png": "362532",
  "captcha_193.png": "297477",
  "captcha_194.png": "775048",
  "captcha_195.png": "463610",
  "captcha_196.png": "760648",
  "captcha_197.png": "307280",
  "captcha_198.png": "725535",
  "captcha_199.png": "763099",
  "captcha_200.png": "444558",
  "captcha_201.png": "398972",
  "captcha_202.png": "159582",
  "captcha_203.png": "466200",
  "captcha_204.png": "542671",
  "captcha_205.png": "270748",
  "captcha_206.png": "213247",
  "captcha_207.png": "381600",
  "captcha_208.png": "711192",
  "captcha_209.png": "415118",
  "captcha_210.png": "839221",
  "captcha_211.png": "281078",
  "captcha_212.png": "333907",
  "captcha_213.png": "267187",
  "captcha_214.png": "647625",
  "captcha_215.png": "284350",
  "captcha_216.png": "626189",
  "captcha_217.png": "771872",
  "captcha_218.png": "403852",
  "captcha_219.png": "176630",
  "captcha_220.png": "107301",
  "captcha_221.png": "513611",
  "captcha_222.png": "049170",
  "captcha_223.png": "614536",
  "captcha_224.png": "253310",
  "captcha_225.png": "499856",
  "captcha_226.png": "434807",
  "captcha_227.png": "005628",
  "captcha_228.png": "069823",
  "captcha_229.png": "751631",
  "captcha_230.png": "937355",
  "captcha_231.png": "957279",
  "captcha_232.png": "150295",
  "captcha_233.png": "366403",
  "captcha_234.png": "193874",
  "captcha_235.png": "241301",
  "captcha_236.png": "170897",
  "captcha_237.png": "365600",
  "captcha_238.png": "415246",
  "captcha_239.png": "359674",
  "captcha_240.png": "867322",
  "captcha_241.png": "318546",
  "captcha_242.png": "899131",
  "captcha_243.png": "769104",
  "captcha_244.png": "172822",
  "captcha_245.png": "529997",
  "captcha_246.png": "530162",
  "captcha_247.png": "578332",
  "captcha_248.png": "771146",
  "captcha_249.png": "785294",
  "captcha_250.png": "464963",
  "captcha_251.png": "751654",
  "captcha_252.png": "353073",
  "captcha_253.png": "678572",
  "captcha_254.png": "534333",
  "captcha_255.png": "047157",
  "captcha_256.png": "047696",
  "captcha_257.png": "489280",
  "captcha_258.png": "004829",
  "captcha_259.png": "462335",
  "captcha_260.png": "456908",
  "captcha_261.png": "801257",
  "captcha_262.png": "276651",
  "captcha_263.png": "449278",
  "captcha_264.png": "555847",
  "captcha_265.png": "821925",
  "captcha_266.png": "555627",
  "captcha_267.png": "170161",
  "captcha_268.png": "478439",
  "captcha_269.png": "231848",
  "captcha_270.png": "804556",
  "captcha_271.png": "263936",
  "captcha_272.png": "286503",
  "captcha_273.png": "118432",
  "captcha_274.png": "737328",
  "captcha_275.png": "973061",
  "captcha_276.png": "593893",
  "captcha_277.png": "667091",
  "captcha_278.png": "693042",
  "captcha_279.png": "983216",
  "captcha_280.png": "463980",
  "captcha_281.png": "948329",
  "captcha_282.png": "792903",
  "captcha_283.png": "640008",
  "captcha_284.png": "768552",
  "captcha_285.png": "562253",
  "captcha_286.png": "068877",
  "captcha_287.png": "340932",
  "captcha_288.png": "016996",
  "captcha_289.png": "389303",
  "captcha_290.png": "789813",
  "captcha_291.png": "501420",
  "captcha_292.png": "504266",
  "captcha_293.png": "647923",
  "captcha_294.png": "910527",
  "captcha_295.png": "367931",
  "captcha_296.png": "982420",
  "captcha_297.png": "348861",
  "captcha_298.png": "334226",
  "captcha_299.png": "539173",
  "captcha_300.png": "593707",
  "captcha_301.png": "596252",
  "captcha_302.png": "069783",
  "captcha_303.png": "561649",
  "captcha_304.png": "662775",
  "captcha_305.png": "676746",
  "captcha_306.png": "568452",
  "captcha_307.png": "975485",
  "captcha_308.png": "153903",
  "captcha_309.png": "088550",
  "captcha_310.png": "734663",
  "captcha_311.png": "879249",
  "captcha_312.png": "118683",
  "captcha_313.png": "370224",
  "captcha_314.png": "595359",
  "captcha_315.png": "514630",
  "captcha_316.png": "036990",
  "captcha_317.png": "163394",
  "captcha_318.png": "480114",
  "captcha_319.png": "050474",
  "captcha_320.png": "688750",
  "captcha_321.png": "326353",
  "captcha_322.png": "717705",
  "captcha_323.png": "685662",
  "captcha_324.png": "119158",
  "captcha_325.png": "710036",
  "captcha_326.png": "846177",
  "captcha_327.png": "497888",
  "captcha_328.png": "145874",
  "captcha_329.png": "822837",
  "captcha_330.png": "799681",
  "captcha_331.png": "310762",
  "captcha_332.png": "270169",
  "captcha_333.png": "659408",
  "captcha_334.png": "257075",
  "captcha_335.png": "225950",
  "captcha_336.png": "592450",
  "captcha_337.png": "959361",
  "captcha_338.png": "535920",
  "captcha_339.png": "786781",
  "captcha_340.png": "335994",
  "captcha_341.png": "496246",
  "captcha_342.png": "867227",
  "captcha_343.png": "118657",
  "captcha_344.png": "368120",
  "captcha_345.png": "260852",
  "captcha_346.png": "661335",
  "captcha_347.png": "441002",
  "captcha_348.png": "801817",
  "captcha_349.png": "297441",
  "captcha_350.png": "888568",
  "captcha_351.png": "587270",
  "captcha_352.png": "032498",
  "captcha_353.png": "975987",
  "captcha_354.png": "231347",
  "captcha_355.png": "298833",
  "captcha_356.png": "930939",
  "captcha_357.png": "678834",
  "captcha_358.png": "864804",
  "captcha_359.png": "068097",
  "captcha_360.png": "644618",
  "captcha_361.png": "407434",
  "captcha_362.png": "438744",
  "captcha_363.png": "305159",
  "captcha_364.png": "380733",
  "captcha_365.png": "853144",
  "captcha_366.png": "984152",
  "captcha_367.png": "874643",
  "captcha_368.png": "408669",
  "captcha_369.png": "403237"
}